name,language,stars,issues,size,created_at,updated_at,has_issues,has_wiki
python-dbase,Python,20,2,3356,2013-04-01T22:24:39Z,2025-05-16T19:06:00Z,True,True
guide-to-data-mining,,20,0,50479,2013-03-30T23:45:40Z,2026-01-09T23:58:36Z,True,True
spring-integration-aws,Java,20,3,388,2013-04-03T07:26:32Z,2025-02-06T16:02:03Z,True,True
symbolic-execution,Haskell,20,0,475,2013-04-13T11:06:47Z,2025-02-06T16:02:01Z,True,True
fsharp-refactor,F#,20,1,11544,2013-03-04T19:37:20Z,2019-10-22T05:33:59Z,True,True
es-google-drive-river,Java,20,0,344,2013-05-04T19:44:57Z,2025-02-06T16:02:02Z,True,True
mysql-udf-base64,C,20,2,124,2013-05-11T02:02:28Z,2022-09-28T06:43:15Z,True,False
todolist,CoffeeScript,20,0,304,2013-01-06T13:55:35Z,2026-05-05T04:11:09Z,True,True
mastering_active_record_sample_code,Ruby,20,0,292,2013-01-11T17:40:17Z,2022-03-09T23:19:34Z,True,True
asymmetricfs,C++,20,0,142,2013-01-28T03:03:08Z,2024-06-27T00:05:36Z,True,True
scratchr2_translations,,20,2,233894,2013-02-25T23:53:12Z,2025-08-31T18:58:33Z,True,True
leanstartup,JavaScript,20,1,525,2013-02-27T03:39:17Z,2025-02-06T16:02:02Z,True,True
cf,Ruby,20,19,5228,2013-03-14T23:51:30Z,2025-02-06T16:02:01Z,True,True
Faker.py,Python,20,0,200,2013-03-16T11:54:47Z,2020-08-18T23:31:59Z,True,True
angular-tutorial-cljs,JavaScript,20,0,546,2013-03-16T17:44:32Z,2018-07-22T23:38:45Z,True,True
jquery.ui.combify,JavaScript,20,5,232,2013-02-08T22:49:08Z,2021-07-27T04:34:12Z,True,True
depth_webfrontend,JavaScript,20,41,2730,2013-05-16T20:40:27Z,2026-02-15T11:34:58Z,True,False
sublime-text,,20,0,354,2013-05-21T13:07:10Z,2025-02-06T16:02:01Z,True,True
flask-github,Python,20,1,124,2011-12-11T21:25:30Z,2025-02-06T16:02:01Z,True,True
python-bem,Python,20,2,124,2011-12-21T09:05:26Z,2017-04-13T06:26:10Z,True,True
PHPChristmasMiracle,PHP,20,0,212,2011-12-03T06:34:07Z,2023-05-10T14:13:17Z,True,True
ie.xhr,JavaScript,20,2,119,2011-12-07T02:41:14Z,2025-02-06T16:02:01Z,True,True
mp3-downloader,Java,20,0,190,2011-12-09T04:29:05Z,2025-07-22T07:23:20Z,True,True
80211scrambler,Verilog,20,0,400,2011-12-18T16:19:59Z,2025-12-05T19:17:03Z,True,True
uatraits,C++,20,1,739,2011-12-19T14:56:16Z,2025-10-17T10:48:44Z,True,True
d3_js_intro,JavaScript,20,2,84,2012-02-02T19:13:09Z,2025-02-06T16:00:38Z,True,True
jcore,PHP,20,0,12749,2011-01-16T13:21:34Z,2025-02-06T16:02:01Z,True,True
dbautobackup,PHP,20,5,15,2011-01-14T07:14:06Z,2024-12-25T13:32:46Z,True,True
LiveTool,JavaScript,20,0,2710,2011-03-05T16:08:35Z,2025-02-06T16:02:01Z,True,True
GDict,Objective-C,20,10,865,2011-03-11T03:16:53Z,2023-03-21T08:04:32Z,True,True
JavaDesignPatterns,Java,20,0,192,2010-11-24T20:11:59Z,2025-02-06T16:02:01Z,True,True
oegyscroll,JavaScript,20,0,403,2010-12-03T13:32:43Z,2025-02-06T16:02:01Z,True,True
Atrium-Time-Tracker-Reports,PHP,20,1,293,2010-12-03T19:09:27Z,2025-05-01T13:37:44Z,True,True
resty,PHP,20,0,810,2010-12-04T01:30:52Z,2025-02-06T16:02:02Z,True,True
sanitize-rails,Ruby,20,2,55,2011-03-29T09:31:58Z,2021-04-25T05:39:21Z,True,True
pacer-neo4j,Ruby,20,4,171,2011-04-08T03:52:07Z,2017-08-30T04:39:08Z,True,True
sprockets-urlrewriter,Ruby,20,2,191,2011-10-19T16:48:20Z,2025-02-06T16:02:01Z,True,False
fabric-provision,Ruby,20,3,135,2011-10-26T17:09:40Z,2019-08-13T14:51:52Z,True,True
hs-logo,Haskell,20,15,6106,2012-01-22T07:26:39Z,2025-02-06T16:02:01Z,True,True
Coding-Conventions,,20,0,110,2012-01-31T09:53:23Z,2025-02-06T16:00:36Z,True,True
SimSearch,Python,20,1,1153,2012-03-29T17:01:50Z,2025-02-06T16:02:01Z,True,True
gnome-shell-extensions,JavaScript,20,13,1017,2011-11-19T11:58:01Z,2025-07-13T15:50:14Z,True,True
bash_scripts,Shell,20,2,102,2011-10-04T22:59:24Z,2024-03-15T09:16:07Z,True,False
JSLog,JavaScript,20,0,7,2011-11-12T13:22:56Z,2025-05-28T06:56:17Z,True,True
nodeslide,JavaScript,20,1,3904,2011-11-12T14:44:19Z,2025-02-06T16:00:38Z,True,True
java-proto-generator,Java,20,3,8,2012-02-11T15:54:16Z,2025-12-01T11:24:15Z,True,True
compare,JavaScript,20,1,4470,2012-02-10T02:39:17Z,2023-03-09T02:56:37Z,True,True
af65k,HTML,20,0,1279,2012-02-25T15:31:47Z,2026-02-15T22:34:19Z,True,True
couchie,JavaScript,20,2,82,2012-03-06T09:40:04Z,2022-12-30T03:01:38Z,True,True
RootTools,Java,20,0,2720,2012-03-12T00:14:34Z,2025-02-06T16:02:01Z,True,True
everyme-legal,,20,0,114,2012-03-20T21:40:36Z,2017-03-19T03:24:51Z,True,False
tinytooltip,JavaScript,20,1,130,2012-03-20T16:21:46Z,2026-04-23T09:03:46Z,True,True
SpringCertification,Java,20,0,22824,2012-03-24T14:56:24Z,2025-02-06T16:02:01Z,True,True
websql,JavaScript,20,0,91,2012-03-23T07:15:22Z,2025-02-06T16:02:01Z,True,True
botnet-detection,Java,20,2,126,2012-04-28T16:57:54Z,2026-02-05T14:01:45Z,True,True
LazyBone,JavaScript,20,0,165,2012-04-09T10:03:20Z,2024-07-10T07:35:24Z,True,True
nodejs-step-by-step-code,JavaScript,20,1,179,2012-04-08T19:01:57Z,2025-02-06T16:02:01Z,True,True
a2_printer,Ruby,20,1,129,2012-04-06T18:08:00Z,2023-07-06T02:16:13Z,True,True
pyYouku,Python,20,0,515,2012-04-19T04:00:41Z,2023-03-28T22:49:49Z,True,True
atom-launcher,JavaScript,20,14,453,2014-03-03T19:07:35Z,2024-12-20T14:48:14Z,True,False
AddScore2,Objective-C,20,0,370,2014-03-05T07:46:15Z,2018-09-14T07:48:06Z,True,True
pipboy3000,JavaScript,20,0,17345,2014-04-19T20:27:41Z,2024-06-04T22:38:23Z,True,True
AdminCrudBundle,HTML,20,10,4075,2014-04-27T15:43:55Z,2024-05-08T10:40:45Z,True,True
kaldi-gstreamer-android-client,Java,20,1,1385,2014-04-02T11:43:38Z,2025-02-06T16:00:36Z,True,True
CMDActivityViewController,Ruby,20,1,144,2014-04-02T20:34:37Z,2023-08-16T04:03:00Z,True,True
stylus-styleguide,,20,0,10,2014-04-25T19:11:23Z,2024-11-14T22:27:13Z,True,True
indoor.android,,20,0,140,2014-03-27T08:30:01Z,2023-09-08T16:46:34Z,True,True
vimrc,VimL,20,0,4,2014-04-30T09:38:06Z,2025-02-06T16:00:36Z,True,True
admin-color-schemes,SCSS,20,1,2343,2013-09-13T00:45:42Z,2024-02-28T22:21:06Z,True,True
diy,Python,20,0,11,2013-11-30T23:10:52Z,2024-11-15T15:11:31Z,True,True
PrototypeCard,HTML,20,2,40,2013-12-02T22:15:01Z,2024-10-23T14:04:36Z,True,True
xing_api,Ruby,20,4,129,2013-11-11T10:19:21Z,2025-02-06T16:02:01Z,True,True
Filters_for_EaselJS,JavaScript,20,2,369,2013-12-24T06:56:24Z,2025-02-06T16:02:01Z,True,True
vpnserver_ynh,Shell,20,19,124,2013-12-24T18:13:45Z,2026-04-22T00:05:03Z,True,False
dockerfiles,Puppet,20,0,45,2013-12-25T14:44:09Z,2025-02-06T16:02:01Z,True,True
smali2java,C#,20,4,574,2014-01-02T15:20:07Z,2025-11-23T05:25:14Z,True,True
hi,Ruby,20,0,455,2013-12-27T19:10:24Z,2026-04-07T13:52:23Z,True,True
vptree,Go,20,0,16,2014-02-13T15:51:40Z,2024-07-06T08:27:16Z,True,True
Chevron,JavaScript,20,0,1110,2014-02-15T09:23:32Z,2025-02-06T16:00:38Z,True,True
base64-xor,JavaScript,20,2,132,2014-02-15T20:07:23Z,2025-02-06T16:00:38Z,True,True
django-sitecats,Python,20,0,181,2014-02-24T13:03:24Z,2025-02-06T16:00:36Z,True,False
couchbase-lite-java-native,C++,20,6,124944,2014-03-14T21:48:22Z,2023-07-27T19:39:00Z,False,False
ambari-rest-client,Groovy,20,0,2487,2014-03-18T15:26:57Z,2026-03-20T18:26:18Z,True,True
druid-benchmark,R,20,1,236,2014-03-14T18:13:45Z,2024-09-01T20:36:19Z,True,True
alum,Go,20,8,680,2014-05-14T23:04:21Z,2025-11-06T11:41:05Z,True,True
TokenCompleteTextView,Java,20,3,290,2014-06-12T15:13:48Z,2020-02-24T04:13:27Z,False,True
startrek1971,Python,20,2,140,2014-04-16T06:15:13Z,2025-12-16T01:45:15Z,True,True
kommon,Kotlin,20,0,277,2014-04-12T20:41:30Z,2020-02-29T21:35:14Z,True,True
WaterfallCollectionView,Objective-C,20,0,492,2014-03-29T07:43:25Z,2019-11-15T08:13:01Z,True,True
devcards-template,Clojure,20,7,48,2014-05-13T14:39:52Z,2025-02-06T16:00:36Z,True,True
core-scroll-header-panel,HTML,20,22,1813,2014-05-19T21:38:33Z,2025-02-06T16:00:36Z,True,True
radial.js,JavaScript,20,0,75,2014-05-19T21:07:23Z,2019-06-03T06:30:27Z,True,True
rcrunchbase,R,20,3,85,2014-06-06T21:51:04Z,2023-11-05T04:49:38Z,True,True
SimpleBackdoor,C++,20,0,5,2014-06-06T22:23:55Z,2025-10-25T00:07:50Z,True,True
pinterest-pinata,Python,20,0,301,2014-05-28T09:16:42Z,2026-03-07T05:05:21Z,True,True
bamTobw,Shell,20,0,6,2014-05-27T07:38:07Z,2024-10-02T02:59:39Z,True,True
c5scan,Python,20,2,21,2014-05-28T08:38:16Z,2024-12-31T13:46:55Z,True,True
my-cisco-virl-lab,Shell,20,0,319,2014-06-24T23:57:50Z,2025-02-06T16:00:38Z,True,True
MyFCCWiki,,20,0,721,2015-11-04T16:53:32Z,2025-01-04T02:07:32Z,True,False
go-crypto,Go,20,0,173,2015-10-31T14:05:45Z,2025-01-24T00:26:56Z,True,True
EventSourceProxy,C#,100,0,1366,2013-03-01T21:15:01Z,2026-02-13T18:34:37Z,True,True
Mochi,C++,100,0,166,2022-03-26T21:07:10Z,2026-05-06T09:30:30Z,True,True
nginx-http-auth-digest,C,100,9,112,2011-11-04T23:19:42Z,2026-02-18T23:56:01Z,True,True
Raspberry-Pi-Status,HTML,100,7,4968,2013-11-29T14:24:20Z,2026-03-30T09:30:33Z,True,True
gulp-ftp,JavaScript,100,0,30,2013-12-25T14:32:16Z,2026-01-22T16:34:39Z,False,False
SourceryTemplates,HTML,100,1,12148,2017-05-14T10:45:31Z,2026-04-26T14:00:48Z,True,True
DLNA-PLAYER,Groovy,100,15,313,2015-02-13T00:22:07Z,2026-03-13T12:07:07Z,True,True
AspNetCoreDemoApp,C#,100,0,1142,2015-09-23T08:12:30Z,2026-02-16T08:56:13Z,True,True
funModeling,HTML,100,4,9411,2016-02-08T20:24:33Z,2026-02-17T23:59:03Z,True,True
magicblue,Python,100,23,113,2015-11-23T20:56:28Z,2026-04-02T11:50:21Z,True,True
faulthandler,C,100,0,342,2010-12-23T23:59:12Z,2026-04-07T13:44:44Z,True,True
goconfig,Go,100,2,34,2009-11-25T16:42:12Z,2026-04-18T11:24:58Z,True,True
pypi-notifier,Python,100,2,325,2013-07-13T16:01:46Z,2026-04-07T13:50:44Z,True,True
R-for-finance,R,100,0,13021,2014-08-03T03:45:38Z,2026-04-14T05:27:31Z,True,True
Chivo,,100,2,39622,2014-09-10T15:18:14Z,2026-05-05T18:40:46Z,True,True
wtf,Python,100,9,73,2014-08-30T17:25:49Z,2026-04-30T07:26:14Z,True,True
Soltsice,TypeScript,100,6,839,2017-08-29T18:34:34Z,2026-03-28T13:57:31Z,True,True
charly-vm,C++,100,51,5698,2017-05-24T17:19:36Z,2026-01-24T15:41:38Z,True,False
packer-ubuntu-1804,,100,0,11,2018-04-27T15:53:06Z,2026-04-12T19:33:54Z,True,False
Lyapunov-optimization,Python,100,1,5468,2019-06-23T10:52:46Z,2026-03-26T07:18:45Z,True,True
gaige,Python,100,0,4888,2018-11-26T14:28:22Z,2025-11-11T20:55:11Z,True,True
vue-ref,JavaScript,100,4,19,2018-11-15T02:36:37Z,2026-01-23T09:11:54Z,True,True
JT808Platform,,100,0,1,2018-07-21T10:38:30Z,2026-03-16T07:39:06Z,True,True
mmkv_flutter,Dart,100,3,72,2018-09-28T14:44:59Z,2025-11-16T19:21:35Z,True,True
dashblocks,Vue,100,29,13153,2018-09-22T17:21:15Z,2026-05-04T10:02:06Z,True,True
MAS-Memory-Aware-Synapses,Jupyter Notebook,100,7,2932,2018-04-13T17:22:41Z,2026-04-02T13:06:04Z,True,True
eraserbenchmark,Python,100,2,80,2019-11-07T22:47:10Z,2026-03-16T13:03:18Z,False,True
Credit-Risk-Modeling-in-Python,Jupyter Notebook,100,0,18,2020-03-31T07:06:06Z,2026-05-05T13:11:20Z,True,True
fastnode2vec,Python,100,2,42,2020-04-20T20:03:55Z,2026-02-23T19:49:20Z,True,True
nannernest,Python,100,5,16019,2020-05-22T14:35:37Z,2026-03-08T04:37:39Z,True,True
Temporal-Language-Grounding-in-videos,,100,1,139,2020-07-27T03:21:00Z,2026-01-23T07:50:12Z,True,True
HAKE-Action,,100,0,41700,2020-03-07T08:55:01Z,2026-02-04T08:40:12Z,True,True
wordpair_generator,C++,100,1,302,2019-12-11T18:13:58Z,2025-10-15T10:55:12Z,True,True
Maotai,,100,1,6,2021-01-05T07:04:09Z,2026-04-01T06:25:58Z,True,True
pearocr_issue,,100,44,5,2021-08-10T07:37:06Z,2026-04-01T09:52:45Z,True,True
duplicate-files,Python,100,4,246,2012-01-01T22:31:46Z,2026-05-09T18:28:21Z,True,True
Deep_Hierarchical_Classification,Python,100,3,1259,2021-02-09T16:03:36Z,2026-03-29T11:37:18Z,True,True
hypercerts,Solidity,100,0,32550,2022-12-02T21:36:04Z,2026-02-01T18:36:57Z,True,False
react-18-ssr,TypeScript,100,0,1207,2022-05-15T01:42:22Z,2026-03-09T17:25:18Z,True,True
chrome-extension-mv3-firebase-boilerplate,JavaScript,100,3,2975,2022-01-30T16:25:32Z,2026-03-03T13:55:13Z,True,True
DictionaryYT,Kotlin,100,3,108,2021-11-10T18:55:04Z,2026-05-11T07:38:12Z,True,True
ebookenglish,,100,0,0,2023-08-29T05:34:17Z,2026-04-09T04:02:51Z,True,True
portfolio,Vue,100,0,2942,2022-10-23T15:53:57Z,2026-05-12T17:18:11Z,True,False
understanding-virtual-memory,C,100,0,1,2023-04-01T12:33:24Z,2026-04-29T08:38:50Z,True,True
WeChatAI,Rust,100,3,4191,2023-04-20T07:51:59Z,2026-03-06T11:37:53Z,True,True
oliva,Java,100,0,21,2023-12-09T12:41:34Z,2026-05-11T08:22:52Z,True,True
truncate.js,JavaScript,100,14,169,2013-07-01T13:26:38Z,2026-05-13T15:06:07Z,True,True
jscat,Python,100,0,86,2020-01-08T13:23:04Z,2026-05-13T01:10:54Z,True,True
ClipLink,TypeScript,100,4,22432,2025-05-13T15:19:23Z,2026-04-26T15:24:12Z,True,True
ChestCommands,Java,100,0,1308,2014-10-30T12:59:58Z,2026-05-14T15:04:46Z,True,True
dataconverters,Python,100,26,947,2012-08-05T14:28:15Z,2026-05-15T02:15:56Z,True,False
decoSLAM,C++,100,2,38119,2023-02-27T09:33:47Z,2026-04-18T01:12:55Z,True,True
i18next-vue,TypeScript,100,0,6522,2022-04-29T09:34:08Z,2026-05-19T22:18:38Z,True,False
conceal-core,C++,100,1,17269,2018-04-29T23:42:44Z,2026-05-20T15:46:58Z,True,True
ZenLdr,C,100,0,138,2023-02-27T10:23:34Z,2026-05-23T10:54:14Z,True,True
YunqueAgent,Python,100,1,27416,2026-01-13T14:16:48Z,2026-05-20T10:44:58Z,True,True
JAGSExamples,R,100,0,6132,2012-02-10T00:38:04Z,2026-05-25T12:22:05Z,True,True
leetcode-javascript,HTML,100,0,1,2023-04-18T10:48:30Z,2026-05-26T11:45:40Z,True,True
ZITS-PlusPlus,Python,100,12,7948,2023-05-22T06:23:17Z,2026-05-31T13:59:47Z,True,False
rprof,C,100,0,5045,2020-03-02T07:36:29Z,2026-05-31T15:10:48Z,True,True
react-router-auto-routes,TypeScript,100,0,390,2025-10-02T09:29:43Z,2026-06-01T06:36:29Z,True,True
atlas_exporter,Go,100,10,5413,2017-05-16T12:25:12Z,2026-06-01T09:10:31Z,True,False
AWD,Python,100,3,158361,2024-09-14T22:04:16Z,2026-06-02T08:41:23Z,True,True
autocluster,JavaScript,100,1,13726,2015-02-03T17:05:12Z,2026-06-03T21:04:09Z,True,True
pyspark-data-sources,Python,100,18,1631,2024-02-13T08:24:21Z,2026-06-05T05:31:01Z,True,True
comfy-mecha,Python,100,3,542,2024-02-28T04:33:21Z,2026-06-04T23:37:11Z,True,True
docker-qgis-desktop,Shell,100,13,97,2014-07-15T06:26:18Z,2026-06-10T10:08:31Z,True,True
mutable-instruments-documentation,,100,1,97423,2023-01-16T13:38:24Z,2026-06-11T00:50:52Z,True,True
Unit-And-Integration-Testing,Go,100,0,80,2019-11-26T21:26:21Z,2026-06-11T09:44:45Z,True,True
planets-animated-website,HTML,100,0,8985,2020-10-17T09:44:34Z,2026-06-10T14:23:01Z,True,True
letta-chatbot-example,TypeScript,100,0,862,2025-01-09T19:03:58Z,2026-06-12T12:56:40Z,True,True
FlowerManagmentSystem-Qt,C++,100,0,9379,2021-07-11T00:54:55Z,2026-06-06T11:03:17Z,True,True
Deep-Learning-Mahjong---,JavaScript,100,0,487,2019-06-29T17:35:01Z,2026-06-06T23:20:24Z,True,True
AutoZerologon,Python,100,0,951,2023-07-13T08:20:28Z,2026-06-08T17:11:48Z,True,False
cesium-wind,JavaScript,100,1,520,2020-09-22T12:01:51Z,2026-06-08T19:52:34Z,True,True
MvcJqGrid,C#,100,8,43966,2010-06-07T21:08:19Z,2026-06-08T23:46:50Z,True,False
StatProofBookTools,TeX,100,0,137546,2020-02-06T11:23:36Z,2026-06-07T12:27:49Z,True,True
Glimmer,Swift,100,0,8758,2026-04-11T07:37:55Z,2026-06-07T17:56:02Z,True,True
CircuitOps,Python,100,3,1473316,2023-03-21T20:05:05Z,2026-06-09T09:55:46Z,True,False
coreml-cli,Swift,100,0,46,2026-01-21T03:11:25Z,2026-06-15T14:57:53Z,True,True
UnrealEngine-ObjectPool,C++,100,0,2906,2022-07-16T23:05:49Z,2026-06-19T12:58:59Z,True,True
Infosys-SP-Coding-Questions,Java,100,1,32,2024-02-19T15:30:34Z,2026-06-19T12:20:06Z,True,True
nutanix.ansible,Python,100,89,12556,2021-10-07T18:32:41Z,2026-06-21T13:33:11Z,True,True
ffsim,Python,100,48,15746,2023-08-21T19:09:55Z,2026-06-21T14:51:01Z,True,False
tilemapgen,Python,100,0,9322,2023-06-27T17:29:16Z,2026-06-21T16:05:44Z,True,True
nfc2klipper,Python,100,11,226,2024-03-04T17:47:31Z,2026-06-22T09:16:03Z,True,False
aiocryptopay,Python,100,1,130,2022-09-24T06:53:40Z,2026-06-17T12:58:46Z,True,True
CashCoach,Python,100,0,27728,2024-10-15T08:00:01Z,2026-06-21T07:00:57Z,True,True
MOM6-examples,Jupyter Notebook,100,64,77934,2014-09-26T18:34:19Z,2026-06-16T19:59:34Z,True,True
jellycc-cli,TypeScript,100,4,417,2026-04-19T00:01:55Z,2026-06-16T23:21:47Z,True,True
crontab,Elixir,100,2,476,2016-12-21T23:43:07Z,2026-06-23T15:01:12Z,True,False
react-trace,TypeScript,100,3,29037,2026-03-08T09:37:56Z,2026-06-24T20:33:44Z,True,True
yt-react-weather-app,JavaScript,100,5,304,2022-05-31T18:30:30Z,2026-06-25T19:50:41Z,True,True
paramak,Python,100,67,214327,2021-05-12T17:36:58Z,2026-06-25T20:01:33Z,True,True
SWAGGER,Python,100,1,412,2025-04-09T21:32:44Z,2026-06-25T22:52:58Z,True,False
OAT,C#,100,5,368898,2020-07-15T17:46:29Z,2026-05-23T16:24:51Z,True,True
discord-tools,,100,0,61,2023-06-20T17:02:25Z,2026-06-24T09:49:32Z,True,True
genai-devday-notebooks,Jupyter Notebook,100,0,3264,2025-01-17T17:43:08Z,2026-06-11T12:41:10Z,True,True
HPhi,Shell,100,38,411103,2015-09-11T02:40:51Z,2026-06-25T08:08:11Z,True,True
zzshare,Python,100,3,189,2026-01-31T02:23:54Z,2026-06-25T06:29:09Z,True,True
LeeCo,Java,500,6,10877,2016-01-08T15:50:59Z,2026-05-31T16:16:51Z,True,True
Erbium,C#,500,0,39739,2020-01-06T17:05:10Z,2026-06-17T04:10:04Z,True,True
atata,C#,500,10,14588,2016-01-13T12:54:04Z,2026-06-23T14:48:05Z,True,False
iiecas-kaoyan-bo-docs,,500,0,279639,2020-07-26T03:50:38Z,2026-06-25T05:22:09Z,False,False
leetcode-python,Python,500,4,1050,2014-03-26T22:50:53Z,2026-06-26T10:07:44Z,True,True
otree,Rust,500,6,602,2024-05-11T10:39:35Z,2026-06-26T20:40:34Z,True,False
jetzt,JavaScript,500,60,506,2014-03-05T18:24:18Z,2026-06-04T15:48:48Z,True,True
php-zip,PHP,500,32,3155,2016-09-08T16:20:48Z,2026-06-22T19:54:24Z,True,True
proxmox-ve-anti-detection,,500,20,1095,2023-03-26T15:11:18Z,2026-06-24T06:59:06Z,True,True
waybar-themes,CSS,500,0,80081,2025-09-06T22:08:06Z,2026-06-27T13:15:36Z,True,True
dostaffkin,TypeScript,500,0,6060,2026-02-02T07:01:26Z,2026-06-27T13:57:06Z,True,True
ngrok-c,C,500,2,19333,2015-03-04T05:51:22Z,2026-04-17T03:04:52Z,True,True
Transformer,Jupyter Notebook,500,2,163950,2021-09-24T03:14:06Z,2026-06-26T05:12:41Z,True,True
ituring_books,,500,1,2951465,2019-06-10T11:45:23Z,2026-06-26T10:28:46Z,False,True
MatchZoo-py,Python,500,30,612,2019-06-17T14:15:36Z,2026-04-26T02:20:54Z,True,True
gpu-fluid,C++,500,1,316,2013-07-21T09:18:18Z,2026-05-15T12:50:13Z,True,True
react-native-android-guide,,500,0,20,2015-11-19T14:35:15Z,2026-05-31T16:16:50Z,True,True
machma,Go,500,2,2479,2017-03-20T19:57:42Z,2026-06-01T13:25:02Z,True,False
ChineseNMT,Python,500,9,47127,2020-12-11T13:57:28Z,2026-06-05T16:11:41Z,True,True
android-material-design-Open-source-projects,,500,2,238,2015-01-07T14:15:28Z,2026-06-16T09:00:41Z,True,True
swift-bundler,Swift,500,63,2387,2021-09-23T02:46:41Z,2026-06-23T23:30:25Z,True,True
vpnbot,PHP,500,7,140053,2022-10-04T14:37:21Z,2026-06-25T05:42:29Z,True,True
YetAnotherHttpHandler,C#,500,20,599503,2023-07-12T06:23:27Z,2026-06-25T07:17:29Z,True,True
emmett,TypeScript,500,32,7457,2023-03-22T08:31:10Z,2026-06-26T19:14:32Z,True,True
talk-desktop,JavaScript,500,183,66209,2022-11-03T14:37:08Z,2026-06-27T02:01:19Z,True,False
XiaoFeiShu,,500,0,311678,2024-07-01T09:42:28Z,2026-06-27T04:12:39Z,True,True
mir2x,C++,500,4,228195,2016-05-19T18:17:03Z,2026-06-27T14:31:28Z,True,True
arco-design-mobile,TypeScript,500,56,9046,2022-06-01T04:01:10Z,2026-06-27T17:32:30Z,True,True
resume,CSS,500,1,25,2017-10-14T06:31:20Z,2026-05-01T15:31:06Z,True,True
auto-enum,Python,500,2,329,2024-05-05T13:43:44Z,2026-05-24T12:28:50Z,True,True
PythonHacks,Python,500,12,73174,2021-04-29T05:57:31Z,2026-06-13T01:21:03Z,True,True
Vanilla-RTX,,500,1,68781,2021-09-13T09:05:34Z,2026-06-16T19:02:37Z,True,False
ImgGenSD2,Swift,501,8,6330,2022-12-05T02:04:53Z,2026-06-18T11:22:47Z,True,True
powershell-yaml,PowerShell,500,5,2474,2016-01-10T20:17:24Z,2026-06-25T07:11:32Z,True,True
agents,,500,0,2896,2012-12-18T01:52:43Z,2026-06-26T09:08:21Z,False,False
IronyModManager,C#,500,37,30776,2020-01-10T01:31:54Z,2026-06-22T08:45:25Z,True,True
blogChat,HTML,500,10,526,2016-07-22T03:16:41Z,2026-05-14T12:11:38Z,True,True
VideoCrawlerEngine,Python,500,25,6565,2020-06-09T17:27:09Z,2026-05-22T03:11:55Z,True,True
compleat,Haskell,500,12,66,2009-10-17T04:54:52Z,2026-06-17T23:28:58Z,True,True
enject,Rust,500,2,80,2026-02-22T13:29:40Z,2026-06-15T19:43:46Z,True,True
futures-concurrency,Rust,500,35,668,2021-08-29T17:50:52Z,2026-06-26T16:27:57Z,True,True
awesome-visual-rl,,500,0,368,2024-05-01T02:21:07Z,2026-06-26T06:34:28Z,True,True
hello-world,,500,191,215432,2019-03-17T04:20:08Z,2026-06-26T02:45:15Z,True,True
prind,Python,500,1,683,2021-10-16T19:45:04Z,2026-06-26T23:55:24Z,True,False
interop,JavaScript,500,42,268,2021-10-28T16:52:55Z,2026-06-27T03:22:54Z,True,False
terraform-aws-devops,,500,0,471,2015-08-20T18:36:58Z,2026-06-27T05:03:06Z,True,True
Tilt,JavaScript,500,7,52225,2011-05-25T18:00:15Z,2026-05-18T01:30:31Z,True,True
easylogic.studio,JavaScript,500,30,183765,2019-05-03T09:33:55Z,2026-05-18T06:19:38Z,True,True
SwiftQRCode,Swift,500,28,171,2015-05-14T20:27:43Z,2026-05-21T04:34:13Z,True,True
ngx-editor,TypeScript,500,50,18045,2017-09-22T12:22:09Z,2026-05-26T03:54:16Z,True,False
truffle-plugin-verify,TypeScript,500,0,832,2019-03-20T10:36:28Z,2026-06-05T17:08:57Z,True,False
Kryptor,C#,500,0,7834,2020-08-03T09:00:54Z,2026-06-17T17:55:19Z,True,False
Book,JavaScript,500,12,6269,2017-03-09T00:11:33Z,2026-06-20T22:28:09Z,True,False
clickhouse-connect,Python,500,29,2990,2022-02-24T20:15:16Z,2026-06-26T18:38:56Z,True,True
stack,TypeScript,500,12,164,2026-04-03T16:33:25Z,2026-06-26T10:51:12Z,True,False
PicQuery,Kotlin,500,1,51559,2023-08-10T12:14:10Z,2026-06-26T10:48:36Z,True,False
meetingmind,TypeScript,500,3,36591,2024-10-06T17:23:23Z,2026-06-26T10:45:58Z,True,True
Dota-2,,500,674,19,2015-06-23T00:11:34Z,2026-06-27T14:57:42Z,True,False
FastStub-Xcode,Objective-C,500,11,620,2016-05-24T03:42:18Z,2025-05-15T21:47:48Z,True,True
RefleXXion,C++,500,0,221,2022-01-25T16:50:34Z,2026-04-24T01:05:16Z,True,True
shaders,C++,500,11,49236,2020-10-30T16:42:31Z,2026-05-24T12:50:20Z,True,True
maxvit,Jupyter Notebook,500,6,2730,2022-07-07T21:44:46Z,2026-06-20T13:20:18Z,True,False
defi-threat,JavaScript,500,19,14085,2020-08-25T19:09:04Z,2026-06-22T23:07:53Z,True,True
traversability_estimation,C++,500,11,496,2015-03-03T14:16:40Z,2026-06-24T13:14:42Z,True,False
ai-pronunciation-trainer,Python,500,6,2194,2022-04-17T15:44:20Z,2026-06-26T05:18:29Z,True,True
Developer,Objective-C,500,14,2037,2023-09-14T05:07:00Z,2026-06-26T23:27:38Z,True,True
learngit,,500,0,11926,2018-05-18T13:34:21Z,2026-06-27T09:09:04Z,True,True
django-deployment-workshop,Python,500,0,2880,2010-02-15T23:18:25Z,2026-04-08T07:28:04Z,False,False
trigonoparty,JavaScript,500,6,33,2018-10-01T11:13:51Z,2026-04-24T21:32:27Z,True,True
wasm-pdf,Rust,500,9,627,2019-05-31T15:16:15Z,2026-05-14T13:20:52Z,True,False
KdConv,Python,500,0,22102,2020-04-07T07:07:12Z,2026-05-20T13:14:40Z,True,True
ava-docs,,500,5,1383,2015-12-11T20:22:55Z,2026-06-01T00:50:16Z,False,False
weft,TypeScript,500,3,1203,2026-01-06T23:05:53Z,2026-06-11T15:38:52Z,True,False
gcss,Go,500,10,668,2014-09-04T14:38:20Z,2026-06-12T09:48:24Z,True,True
siam-mot,Python,500,33,14841,2021-05-20T00:54:57Z,2026-06-21T04:09:29Z,True,True
gorest,Go,500,1,1711,2019-03-14T19:50:31Z,2026-06-25T05:33:17Z,True,True
natural_voice_assistant,Python,500,7,628,2024-02-06T08:12:54Z,2026-06-25T11:28:15Z,True,False
debian-packaging-for-the-modern-developer,Shell,500,6,74,2017-07-07T14:39:52Z,2026-06-26T16:14:40Z,True,True
plugNmeet-server,Go,500,14,5113,2022-02-25T07:30:32Z,2026-06-26T21:17:18Z,True,False
Head-First-All-Series-PDF,,500,1,1080814,2021-08-01T07:35:26Z,2026-06-27T08:24:16Z,True,True
SpringBoot-Learning,Java,500,0,605,2018-11-08T10:09:13Z,2026-04-02T08:38:03Z,True,True
Ceras,C#,500,41,1210,2018-10-03T10:12:24Z,2026-03-10T22:03:35Z,True,True
Compact-3DGS,Python,500,13,44,2023-11-22T20:22:54Z,2026-06-14T15:57:16Z,True,True
Sylas,Java,500,8,2850,2022-01-05T10:16:09Z,2026-05-27T13:06:40Z,True,True
lpic_1-101,,500,5,1259,2017-08-21T09:32:53Z,2026-06-17T19:37:57Z,True,True
Ice_and_Fire,Java,500,581,55633,2015-09-16T03:15:07Z,2026-06-21T23:40:01Z,True,True
Estados-Cidades-IBGE,,500,6,1059,2012-04-27T20:27:03Z,2026-06-22T23:47:30Z,True,True
learn-wgpu-zh,Rust,500,4,688728,2022-09-04T12:36:34Z,2026-06-26T09:13:12Z,True,True
python-keyboard,Python,500,23,43065,2020-05-02T03:44:37Z,2026-06-27T11:53:51Z,True,True
HotAvalonia,C#,500,2,1233,2023-09-28T14:19:14Z,2026-06-27T12:46:56Z,True,False
CPM-Live,Python,500,7,1168,2022-05-21T12:24:40Z,2026-05-23T10:51:43Z,True,True
forum,Vue,500,41,6786,2019-11-22T15:38:01Z,2026-06-17T08:55:43Z,True,True
typora-purple-theme,CSS,500,5,18448,2020-07-29T06:20:46Z,2026-06-23T04:09:20Z,True,True
ojAlgo,Java,500,0,79938,2013-10-06T17:20:10Z,2026-06-26T05:58:20Z,True,True
yaff,C++,500,1,153,2026-04-07T14:15:36Z,2026-06-27T10:15:18Z,True,True
gameplan,Vue,500,65,133282,2022-01-31T22:39:33Z,2026-06-27T11:53:37Z,True,True
go-project-blueprint,Makefile,500,4,32,2019-09-08T11:14:26Z,2026-04-12T12:23:20Z,True,True
windows-security,,500,0,432,2020-02-20T02:11:21Z,2026-05-21T08:17:51Z,True,True
kaggle-galaxies,Python,500,0,15579,2014-04-15T10:14:25Z,2026-06-02T16:28:50Z,True,True
CarND-Advanced-Lane-Lines,Shell,500,1,62952,2016-11-23T23:15:26Z,2026-06-17T05:47:48Z,True,True
awesome-ciandcd,,2000,30,326,2014-11-23T04:36:38Z,2026-06-26T14:48:51Z,True,True
ai4animationpy,Python,2000,10,1028815,2026-02-03T18:18:34Z,2026-06-27T17:31:10Z,True,False
PuloversMacroCreator,AutoHotkey,2000,85,149005,2013-05-13T11:28:51Z,2026-06-26T08:46:01Z,True,True
enkiTS,C++,2000,7,671,2015-02-20T17:05:59Z,2026-06-26T17:41:07Z,True,True
Equinox,Swift,2000,17,64018,2021-10-24T02:16:18Z,2026-06-27T11:54:48Z,True,True
openp2p,Go,2000,51,4765,2021-11-24T09:26:45Z,2026-06-25T15:11:23Z,True,True
iptv,,2000,14,819,2021-08-08T13:44:31Z,2026-06-27T17:04:48Z,True,True
HaramBlur,JavaScript,2000,97,98100,2023-09-22T17:28:25Z,2026-06-25T18:57:02Z,True,True
restbed,C++,2000,3,4631,2015-06-19T15:07:39Z,2026-06-23T09:30:18Z,True,False
claude-counter,JavaScript,2000,25,1565,2025-12-17T14:16:55Z,2026-06-27T16:58:44Z,True,False
fork-ts-checker-webpack-plugin,TypeScript,2000,53,13678,2017-04-25T12:26:02Z,2026-06-21T03:54:51Z,True,False
StringFog,Java,2000,44,443,2017-03-07T12:49:52Z,2026-06-27T10:01:47Z,True,True
templates,TypeScript,2000,165,20152,2017-12-19T16:38:32Z,2026-06-27T08:39:28Z,True,False
arbitrum-classic,Go,2000,69,196180,2019-08-05T18:43:03Z,2026-06-16T16:00:53Z,True,True
turtlebot3,C++,2000,12,123846,2016-06-21T07:14:22Z,2026-06-27T02:27:38Z,True,False
dynamodb-toolbox,TypeScript,2000,39,32290,2019-11-24T23:16:45Z,2026-06-26T05:47:57Z,True,True
alpaca_eval,Jupyter Notebook,2000,31,315007,2023-05-25T09:35:28Z,2026-06-26T23:50:17Z,True,True
FancyShowCaseView,Kotlin,2000,8,4631,2017-03-08T12:37:15Z,2026-06-21T23:02:07Z,True,True
vue-axios,JavaScript,2000,11,3358,2016-10-25T07:39:39Z,2026-06-17T23:30:01Z,True,True
Miles,,2000,43,229057,2018-12-28T05:13:51Z,2026-06-26T02:09:37Z,True,True
vite-plugin-monkey,TypeScript,2000,11,3674,2022-03-01T10:07:03Z,2026-06-25T21:27:09Z,True,False
hyperdrive,JavaScript,2000,19,1103,2015-11-18T20:33:23Z,2026-06-26T01:48:12Z,True,False
mcpb,TypeScript,2000,90,2182,2025-06-26T00:15:05Z,2026-06-27T16:51:22Z,True,True
iOS-System-Services,Objective-C,1999,9,3760,2012-10-10T15:39:54Z,2026-06-13T18:53:32Z,True,True
NeoZygisk,C++,1999,10,1036,2024-12-17T22:31:26Z,2026-06-27T15:08:49Z,True,True
javascript-style-guide,,1999,1,108,2015-05-25T07:03:17Z,2026-06-15T17:55:59Z,True,True
vim-which-key,Vim Script,1999,14,152,2018-09-04T12:58:02Z,2026-06-17T12:55:02Z,True,True
switch-lan-play,C,1999,62,3428,2017-12-05T17:52:15Z,2026-06-27T14:02:05Z,True,True
sleek,TypeScript,1999,65,63509,2020-10-05T15:59:00Z,2026-06-26T14:47:33Z,True,True
LiME,C,1999,34,1699,2014-09-23T16:23:46Z,2026-06-22T14:48:46Z,True,False
marl,C++,1999,13,1549,2019-09-03T17:58:20Z,2026-06-17T23:19:32Z,True,True
awesome-k8s-security,,1999,1,1040,2020-07-06T14:30:18Z,2026-06-27T10:35:25Z,True,True
yeti,Python,1999,48,36627,2015-12-13T16:54:26Z,2026-06-26T11:12:29Z,True,True
Claw3D,TypeScript,1999,40,75337,2026-03-15T03:32:58Z,2026-06-27T06:25:51Z,True,False
HelloWorld,Java,1999,22,1295,2024-10-29T09:25:30Z,2026-06-27T10:37:48Z,True,False
amm-arbitrageur,Solidity,1999,24,371,2021-04-08T09:48:22Z,2026-06-08T17:49:22Z,True,True
helm-charts,Go Template,1999,907,42676,2020-08-20T14:55:44Z,2026-06-24T08:00:00Z,True,False
stash,Python,1999,122,2098,2014-11-21T05:46:43Z,2026-06-27T01:31:38Z,True,True
ustreamer,C,2000,10,6037,2018-09-14T11:33:51Z,2026-06-27T14:09:21Z,True,False
Awesome-FL,Python,1998,0,2823,2022-05-21T02:20:25Z,2026-06-25T17:04:58Z,True,True
ADB-Toolkit,Shell,1998,24,1469,2019-03-15T15:56:34Z,2026-06-26T03:27:06Z,True,True
google2fa,PHP,1998,6,595,2014-09-21T16:24:13Z,2026-06-27T11:51:48Z,True,True
macOS-enterprise-privileges,Objective-C,1998,0,117557,2018-06-27T19:43:51Z,2026-06-27T06:17:56Z,True,True
PYPhotoBrowser,Objective-C,1998,155,13710,2016-06-02T11:16:57Z,2026-06-17T02:01:41Z,True,False
wing,CSS,1998,11,6270,2016-05-29T18:10:57Z,2026-06-22T01:39:10Z,True,True
jsx,HTML,1998,55,129,2014-08-28T19:55:06Z,2026-06-26T07:10:47Z,True,False
nfqws-keenetic,Makefile,1998,14,1295,2024-08-09T12:22:14Z,2026-06-26T17:15:40Z,True,False
xhs_ai_publisher,Python,1998,7,131620,2024-11-10T08:48:20Z,2026-06-27T14:44:39Z,True,True
rqrcode,Ruby,1998,0,595,2008-04-03T09:31:15Z,2026-06-19T13:40:33Z,True,False
ion,TypeScript,1998,2,47140,2023-11-14T21:46:14Z,2026-06-19T23:12:38Z,False,True
Soundux,C++,1998,119,9229,2019-09-14T23:43:14Z,2026-06-25T08:59:50Z,True,True
PersistentSearch,Java,1998,28,2134,2015-03-05T20:27:33Z,2026-06-12T16:10:16Z,False,True
webdnn,TypeScript,1998,0,26400,2017-04-06T08:11:46Z,2026-06-18T01:24:24Z,True,False
aShellYou,Kotlin,1998,25,45108,2024-01-23T21:55:08Z,2026-06-27T16:37:42Z,True,True
IPProxyTool,Python,1998,12,290,2016-12-05T12:52:21Z,2026-06-25T11:58:30Z,True,True
Calendar,Kotlin,1998,296,139215,2022-05-15T21:47:59Z,2026-06-27T08:11:02Z,True,True
MimeKit,C#,1998,13,41398,2012-10-29T00:36:24Z,2026-06-26T02:10:13Z,True,True
AListFlutter,Dart,1998,50,206,2024-01-14T09:54:42Z,2026-06-27T14:36:54Z,True,False
cs16.css,CSS,1998,1,123,2025-01-22T14:36:59Z,2026-06-24T03:52:49Z,True,False
hydrogen,TypeScript,1998,68,81717,2022-09-19T19:28:49Z,2026-06-27T13:46:25Z,True,True
helix,Rust,1998,41,1449,2015-11-06T07:06:36Z,2026-06-18T13:52:16Z,True,True
genal-chat,TypeScript,1998,43,33417,2020-06-24T08:02:09Z,2026-06-26T06:34:42Z,True,True
expanding-collection-android,Java,1997,0,9035,2016-10-06T13:30:26Z,2026-05-31T16:28:48Z,True,True
code996,TypeScript,1997,0,4119,2025-11-05T11:00:30Z,2026-06-26T12:29:20Z,True,False
coupons,Vue,1997,45,2525,2020-10-30T02:22:58Z,2026-06-24T14:31:11Z,True,True
udemy-downloader,Python,1997,23,555,2021-05-18T19:41:10Z,2026-06-27T14:13:45Z,True,False
searchable,PHP,1997,107,118,2014-06-17T05:53:45Z,2026-06-25T23:34:43Z,True,True
knowledge-distillation-pytorch,Python,1997,19,23147,2018-03-09T23:58:31Z,2026-06-26T11:50:38Z,True,True
badgemagic-app,Dart,1997,84,368255,2014-10-30T15:21:39Z,2026-06-27T02:37:30Z,True,False
write-ups-2015,CSS,1997,59,520063,2015-01-10T14:11:57Z,2026-06-24T19:46:26Z,True,False
ipxe,C,1997,121,22668,2011-03-27T09:39:26Z,2026-06-27T09:48:08Z,True,False
vipe,Python,1997,15,13395,2025-08-11T00:19:56Z,2026-06-26T18:38:03Z,True,False
PyContrast,Python,1997,14,163,2020-05-21T00:32:53Z,2026-05-03T20:52:53Z,True,True
virtual-scroller,,1997,11,3792,2018-03-07T01:48:50Z,2026-06-01T03:04:02Z,True,False
instagram-cli,TypeScript,1997,43,24012,2025-02-01T02:40:41Z,2026-06-27T16:00:17Z,True,True
shadowsocks-gui,CoffeeScript,1997,2,2033,2013-05-28T08:52:33Z,2026-06-12T00:51:19Z,False,False
SteamCleaner,C#,1997,31,872,2016-01-07T05:06:32Z,2026-06-23T19:40:24Z,True,True
react-dom-stream,JavaScript,1997,11,45,2015-10-20T03:54:08Z,2026-06-06T05:51:36Z,True,True
card.io-Android-SDK,Java,1996,67,131111,2013-06-11T17:27:45Z,2026-05-14T12:17:37Z,True,True
42_CheatSheet,C,1996,2,2446,2019-08-18T08:52:46Z,2026-06-24T06:53:31Z,True,True
tipsy,JavaScript,1996,119,708,2008-06-08T18:48:00Z,2026-06-16T18:28:58Z,True,True
neodev.nvim,Lua,1996,0,20001,2021-05-19T13:21:14Z,2026-06-22T07:52:28Z,True,True
fp-go,Go,1996,6,18994,2023-07-05T14:18:19Z,2026-06-27T06:15:18Z,True,True
vocal-separate,Python,1996,12,141377,2023-12-26T06:20:35Z,2026-06-27T12:37:07Z,True,False
hprose-php,PHP,1996,42,1161,2014-02-13T05:56:48Z,2026-06-22T23:46:26Z,True,True
CUDA-Programming-Guide-in-Chinese,,1996,2,3827,2022-03-29T17:32:25Z,2026-06-26T09:50:40Z,True,True
variant-form,Vue,1996,21,1550,2021-09-23T08:54:29Z,2026-06-26T09:00:39Z,True,True
Certify,C#,1996,2,230,2021-06-09T22:03:30Z,2026-06-27T15:01:28Z,True,True
chatwiki,Vue,1996,3,1060628,2024-07-03T10:32:49Z,2026-06-27T15:01:16Z,True,True
sunnypilot,Python,1996,82,4131636,2021-07-23T21:28:21Z,2026-06-27T01:33:52Z,True,True
sqlite-vss,C++,1996,80,2695,2023-01-03T23:27:31Z,2026-06-27T12:03:06Z,True,True
neovim-qt,C++,1996,142,23488,2014-05-26T15:31:34Z,2026-06-27T16:23:42Z,True,True
PyInquirer,Python,1996,110,275,2018-06-14T01:48:43Z,2026-06-23T05:00:16Z,True,True
FaceX-Zoo,Python,1996,130,168014,2021-01-13T06:38:01Z,2026-06-25T11:11:24Z,True,True
jupyterlab-lsp,TypeScript,1996,227,10106,2019-08-17T11:34:22Z,2026-06-25T20:02:08Z,True,True
aws-toolkit-vscode,TypeScript,1996,964,173834,2018-07-20T20:09:29Z,2026-06-26T20:02:58Z,True,False
ESPConnect,Vue,1996,2,17058,2025-10-26T22:38:26Z,2026-06-27T15:21:56Z,True,False
rime-cloverpinyin,Python,1995,122,56,2020-06-08T15:41:02Z,2026-06-26T06:46:23Z,True,True
DB-GPT-Hub,Python,1995,73,64065,2023-06-02T03:58:07Z,2026-06-24T09:47:06Z,True,True
iOS-Images-Extractor,Objective-C,1995,0,266,2015-06-02T05:42:43Z,2026-06-25T14:49:36Z,False,True
build-your-own-x,Markdown,520206,515,1100,2018-05-09T12:03:18Z,2026-06-27T17:28:47Z,True,False
awesome,,479283,87,1564,2014-07-11T13:42:37Z,2026-06-27T17:26:31Z,True,False
freeCodeCamp,TypeScript,450629,195,576823,2014-12-24T17:49:19Z,2026-06-27T17:16:00Z,True,False
public-apis,Python,444535,1477,6709,2016-03-20T23:49:42Z,2026-06-27T17:25:08Z,True,False
free-programming-books,Python,390873,81,21491,2013-10-11T06:50:37Z,2026-06-27T17:18:10Z,True,False
openclaw,TypeScript,380728,6715,1614594,2025-11-24T10:16:47Z,2026-06-27T17:34:11Z,True,False
developer-roadmap,TypeScript,358458,19,361338,2017-03-15T13:45:52Z,2026-06-27T17:18:21Z,True,True
system-design-primer,Python,355127,559,11277,2017-02-26T16:15:28Z,2026-06-27T17:33:23Z,True,True
coding-interview-university,,354231,118,22700,2016-06-06T02:34:12Z,2026-06-27T17:19:15Z,True,False
awesome-python,Python,305076,21,5704,2014-06-27T21:00:06Z,2026-06-27T17:22:08Z,False,False
awesome-selfhosted,,301424,0,16866,2015-06-01T02:33:17Z,2026-06-27T17:34:56Z,False,False
996.ICU,,276326,16692,189351,2019-03-26T07:31:14Z,2026-06-27T15:25:46Z,False,False
project-based-learning,,271096,317,438,2017-04-12T05:07:46Z,2026-06-27T17:19:12Z,True,True
react,JavaScript,246122,1269,1000080,2013-05-24T16:15:54Z,2026-06-27T17:03:50Z,True,False
superpowers,Shell,239945,286,3557,2025-10-09T19:45:18Z,2026-06-27T17:33:51Z,True,True
linux,C,237692,3,6206258,2011-09-04T22:48:12Z,2026-06-27T17:30:05Z,False,False
the-book-of-secret-knowledge,,230479,158,1748,2018-06-23T10:43:14Z,2026-06-27T17:21:40Z,False,False
ECC,JavaScript,222482,94,38324,2026-01-18T00:51:51Z,2026-06-27T17:34:10Z,True,True
Python,Python,222237,983,16572,2016-07-16T09:44:01Z,2026-06-27T16:13:40Z,True,True
vue,TypeScript,209950,635,32152,2013-07-29T03:24:51Z,2026-06-27T17:07:14Z,True,True
computer-science,HTML,205315,23,1784,2014-05-04T00:18:39Z,2026-06-27T17:28:20Z,True,True
hermes-agent,Python,204230,24032,379528,2025-07-22T22:22:28Z,2026-06-27T17:34:14Z,True,True
javascript-algorithms,JavaScript,196144,400,14956,2018-03-24T07:47:04Z,2026-06-27T16:53:53Z,True,False
tensorflow,C++,195928,3243,1340208,2015-11-07T01:19:20Z,2026-06-27T17:29:11Z,True,False
claw-code,Rust,194370,20,25104,2026-03-31T08:58:08Z,2026-06-27T17:13:41Z,True,False
n8n,TypeScript,194255,1481,502152,2019-06-22T09:24:21Z,2026-06-27T17:33:37Z,True,False
ohmyzsh,Shell,188279,566,13627,2009-08-28T18:15:37Z,2026-06-27T17:03:07Z,True,True
vscode,TypeScript,186830,18812,1304247,2015-09-03T20:23:38Z,2026-06-27T17:21:21Z,True,True
AutoGPT,Python,185180,449,623557,2023-03-16T09:21:07Z,2026-06-27T16:30:03Z,True,True
CS-Notes,,184629,196,116179,2018-02-13T14:56:24Z,2026-06-27T16:38:59Z,True,True
You-Dont-Know-JS,,184550,2,15241,2013-11-16T02:37:24Z,2026-06-27T17:23:14Z,True,False
Python-100-Days,Jupyter Notebook,183753,702,401142,2018-03-01T16:05:52Z,2026-06-27T15:41:46Z,True,True
andrej-karpathy-skills,,183341,124,20,2026-01-27T03:53:13Z,2026-06-27T17:34:42Z,False,True
FreeDomain,HTML,180995,36,972,2024-05-30T13:23:00Z,2026-06-27T17:28:13Z,False,True
Microsoft-Activation-Scripts,Batchfile,180973,2,12997,2020-01-12T23:03:34Z,2026-06-27T17:31:14Z,True,False
opencode,TypeScript,179577,7023,294616,2025-04-30T20:08:00Z,2026-06-27T17:34:55Z,True,False
flutter,Dart,177587,12924,448558,2015-03-06T22:54:58Z,2026-06-27T15:58:25Z,True,True
awesome-go,Go,176520,184,11751,2014-07-06T13:42:15Z,2026-06-27T17:21:38Z,True,False
ollama,Go,174985,3503,89743,2023-06-26T19:39:32Z,2026-06-27T17:33:14Z,True,False
gitignore,,174617,72,3137,2010-11-08T20:17:14Z,2026-06-27T16:59:36Z,False,False
bootstrap,MDX,174404,308,301198,2011-07-29T21:19:00Z,2026-06-27T13:18:59Z,True,False
yt-dlp,Python,173704,2543,61236,2020-10-26T04:22:55Z,2026-06-27T17:30:57Z,True,True
prompts.chat,HTML,164431,60,413434,2022-12-05T13:54:13Z,2026-06-27T16:47:34Z,True,True
stable-diffusion-webui,Python,163900,2493,36552,2022-08-22T14:05:26Z,2026-06-27T17:01:17Z,True,True
HelloGitHub,Python,162915,465,8987,2016-05-04T06:24:11Z,2026-06-27T17:06:43Z,True,False
transformers,Python,161969,2457,522073,2018-10-29T13:56:00Z,2026-06-27T17:26:16Z,True,True
the-art-of-command-line,,161437,256,2772,2015-05-20T15:11:03Z,2026-06-27T16:41:35Z,True,False
markitdown,Python,159929,821,4286,2024-11-13T19:56:40Z,2026-06-27T17:29:59Z,True,True
JavaGuide,JavaScript,156648,58,183096,2018-05-07T13:27:00Z,2026-06-27T16:17:27Z,True,True
skills,Python,155823,987,3985,2025-09-22T15:53:31Z,2026-06-27T17:33:26Z,True,False
langflow,Python,150129,990,1373432,2023-02-08T22:28:03Z,2026-06-27T16:51:49Z,True,True
skills,Shell,148179,98,365,2026-02-03T11:15:53Z,2026-06-27T17:33:52Z,True,False
javascript,JavaScript,148085,159,3738,2012-11-01T23:13:50Z,2026-06-27T16:53:51Z,True,True
dify,TypeScript,146756,830,403400,2023-04-12T07:40:24Z,2026-06-27T17:32:10Z,True,False
scrcpy,C,144472,2847,8693,2017-11-21T18:00:27Z,2026-06-27T17:33:41Z,True,True
open-webui,Python,143223,449,377357,2023-10-06T22:08:27Z,2026-06-27T17:31:58Z,True,True
system-prompts-and-models-of-ai-tools,,141237,154,1428,2025-03-05T16:38:29Z,2026-06-27T16:57:31Z,True,True
youtube-dl,Python,140613,4128,65510,2010-10-31T14:35:07Z,2026-06-27T17:31:42Z,True,False
tech-interview-handbook,TypeScript,140484,46,33749,2016-07-05T05:00:48Z,2026-06-27T17:10:35Z,True,True
langchain,Python,140331,413,580602,2022-10-17T02:58:36Z,2026-06-27T17:09:40Z,True,False
next.js,JavaScript,140231,4151,2499244,2016-10-05T23:32:51Z,2026-06-27T17:03:07Z,True,False
firecrawl,TypeScript,139938,365,94157,2024-04-15T21:02:29Z,2026-06-27T17:32:25Z,True,False
PowerToys,C,135643,7291,508966,2019-05-01T17:44:02Z,2026-06-27T17:33:29Z,True,True
go,Go,134941,10163,443498,2014-08-19T04:33:40Z,2026-06-27T17:03:06Z,True,True
claude-code,Python,134691,8998,28616,2025-02-22T17:41:21Z,2026-06-27T17:21:30Z,True,False
fucking-algorithm,Markdown,134571,3,126234,2020-02-19T09:01:23Z,2026-06-27T16:12:33Z,True,False
iptv,TypeScript,128831,64,1271878,2018-11-14T22:00:57Z,2026-06-27T17:33:39Z,True,False
clash-verge-rev,TypeScript,128258,439,76278,2023-11-21T18:24:03Z,2026-06-27T17:26:33Z,True,True
30-seconds-of-code,JavaScript,128223,0,742556,2017-11-29T17:35:03Z,2026-06-27T16:46:03Z,True,False
hello-algo,Java,127974,39,464747,2022-11-04T11:08:34Z,2026-06-27T16:32:46Z,True,False
excalidraw,TypeScript,126310,3178,101646,2020-01-02T01:04:43Z,2026-06-27T17:26:30Z,True,False
react-native,C++,126108,1044,972843,2015-01-09T18:10:16Z,2026-06-27T15:45:36Z,True,True
free-for-dev,HTML,124066,15,10255,2015-03-18T21:06:26Z,2026-06-27T17:33:58Z,False,False
kubernetes,Go,123315,2750,1483624,2014-06-06T22:56:04Z,2026-06-27T17:03:07Z,True,False
electron,C++,121796,893,208343,2013-04-12T01:47:36Z,2026-06-27T14:59:58Z,True,False
ComfyUI,Python,118517,4164,91287,2023-01-17T03:15:56Z,2026-06-27T17:25:48Z,True,True
llama.cpp,C++,118371,1825,411990,2023-03-10T18:58:00Z,2026-06-27T17:30:43Z,True,True
node,JavaScript,117995,2424,1503257,2014-11-26T19:57:11Z,2026-06-27T17:31:20Z,True,False
ui,TypeScript,117572,2065,66645,2023-01-04T12:43:27Z,2026-06-27T17:26:46Z,True,False
free-programming-books-zh_CN,,117193,32,1059,2013-11-04T01:59:19Z,2026-06-27T14:24:10Z,False,False
rustdesk,Rust,117121,119,72493,2020-09-28T15:36:08Z,2026-06-27T17:34:16Z,True,True
gstack,TypeScript,117082,741,111499,2026-03-11T21:22:45Z,2026-06-27T17:32:03Z,True,True
agency-agents,Shell,116209,85,3393,2025-10-13T12:12:29Z,2026-06-27T17:32:34Z,True,True
awesome-llm-apps,Python,115809,5,209258,2024-04-29T05:30:25Z,2026-06-27T17:25:22Z,True,True
spec-kit,Python,115802,368,10671,2025-08-21T22:54:31Z,2026-06-27T17:19:52Z,True,False
Awesome-Hacking,,115156,40,1334,2016-03-30T15:47:10Z,2026-06-27T16:43:30Z,False,False
rust,Rust,114222,12537,928491,2010-06-16T20:39:03Z,2026-06-27T17:03:49Z,True,False
three.js,JavaScript,113359,405,1610687,2010-03-23T18:58:01Z,2026-06-27T17:34:38Z,True,True
godot,C++,113191,18420,1846338,2014-01-04T16:05:36Z,2026-06-27T17:31:40Z,True,False
d3,Shell,113136,20,59348,2010-09-27T17:22:42Z,2026-06-27T17:14:16Z,True,False
generative-ai-for-beginners,Jupyter Notebook,112347,10,6596649,2023-06-19T16:28:59Z,2026-06-27T17:08:47Z,True,False
v2rayN,C#,110043,11,48505,2019-07-30T03:47:24Z,2026-06-27T17:34:33Z,True,True
cc-switch,Rust,109451,1536,57980,2025-08-04T14:16:16Z,2026-06-27T17:31:52Z,True,True
TypeScript,TypeScript,109412,5051,2960523,2014-06-17T15:28:39Z,2026-06-27T16:51:12Z,True,True
axios,JavaScript,109098,107,27462,2014-08-18T22:30:27Z,2026-06-27T17:03:49Z,True,False
GitHub-Chinese-Top-Charts,Java,108597,193,123199,2019-09-05T03:01:56Z,2026-06-27T17:26:53Z,True,True
tauri,Rust,108402,1440,105217,2019-07-13T09:09:37Z,2026-06-27T17:26:37Z,True,False
frp,Go,107606,43,32213,2015-12-21T15:24:59Z,2026-06-27T16:50:14Z,True,False
papers-we-love,Shell,107369,2,230845,2013-12-15T14:31:41Z,2026-06-27T17:29:02Z,True,False
deno,Rust,107339,1341,238695,2018-05-15T01:34:26Z,2026-06-27T14:38:32Z,True,True
